<xml xmlns="http://www.w3.org/1999/xhtml" collection="false">
  <variables>
    <variable type="" id="!sPpkT(-Md2E|~5Tg7SM">Win amount</variable>
    <variable type="" id="PKB=x0wNz#+(C}b.||Ax">Digit 1</variable>
    <variable type="" id="~XMeLFy`ErPgoViYdCsD">Stake</variable>
    <variable type="" id="dWWxN*eYBP|u6~y-{jII">Digit 2</variable>
    <variable type="" id="G/?_wLJ2yJ_M,Hr1|zMj">Take profit</variable>
    <variable type="" id="FqZ_l49*/nJb22vYasr!">Tick 1</variable>
    <variable type="" id="F~^+zw|Zdbu,2FGnMb(D">Color Digit 2</variable>
    <variable type="" id="sA@T,Ps2~Vj_Z=PTi+sf">Max Stake</variable>
    <variable type="" id="D?3gP4OACIxL{2W5Jk=U">Stop Lose</variable>
    <variable type="" id="2T-YAUyeH|RCA/|F2Y9%">Tick 2</variable>
    <variable type="" id="k}Yy=$1ttwy4|P3C?c2(">martingle</variable>
    <variable type="" id="0+P{ya=$|C,Iq!PBw]{e">Tick 3</variable>
    <variable type="" id="RyH)%@h?Fgb!-Nqq._Kn">Color Digit 1</variable>
  </variables>
  <block type="trade" id="xgH69|xFn9=70w.*3Vo@" x="0" y="0">
    <field name="MARKET_LIST">synthetic_index</field>
    <field name="SUBMARKET_LIST">random_index</field>
    <field name="SYMBOL_LIST">R_100</field>
    <field name="TRADETYPECAT_LIST">digits</field>
    <field name="TRADETYPE_LIST">overunder</field>
    <field name="TYPE_LIST">both</field>
    <field name="CANDLEINTERVAL_LIST">60</field>
    <field name="TIME_MACHINE_ENABLED">FALSE</field>
    <field name="RESTARTONERROR">TRUE</field>
    <statement name="INITIALIZATION">
      <block type="variables_set" id="yDnl/2hjsxS[!|*)mrc^">
        <field name="VAR" id="!sPpkT(-Md2E|~5Tg7SM" variabletype="">Win amount</field>
        <value name="VALUE">
          <block type="math_number" id="Zsl_rjjd}^pUN]jmzSQy">
            <field name="NUM">1</field>
          </block>
        </value>
        <next>
          <block type="variables_set" id="TO$42,%@dh3sAt~wLN:[">
            <field name="VAR" id="~XMeLFy`ErPgoViYdCsD" variabletype="">Stake</field>
            <value name="VALUE">
              <block type="variables_get" id="LD~-Ocu,7Q6rjM7l*5i[">
                <field name="VAR" id="!sPpkT(-Md2E|~5Tg7SM" variabletype="">Win amount</field>
              </block>
            </value>
            <next>
              <block type="variables_set" id="w|vuG1C%:bACd~i*WtLg">
                <field name="VAR" id="G/?_wLJ2yJ_M,Hr1|zMj" variabletype="">Take profit</field>
                <value name="VALUE">
                  <block type="math_number" id="LW$wEGMmNW;ZozD7vK|z">
                    <field name="NUM">5</field>
                  </block>
                </value>
                <next>
                  <block type="variables_set" id="{khQP6.uU}Ww_C$Tk:t;">
                    <field name="VAR" id="D?3gP4OACIxL{2W5Jk=U" variabletype="">Stop Lose</field>
                    <value name="VALUE">
                      <block type="math_number" id="hY91(gfosx+_N}S$_EbY">
                        <field name="NUM">100</field>
                      </block>
                    </value>
                    <next>
                      <block type="variables_set" id="?$@S%hzQ=5Wp1bc=l1j4">
                        <field name="VAR" id="k}Yy=$1ttwy4|P3C?c2(" variabletype="">martingle</field>
                        <value name="VALUE">
                          <block type="math_number" id="$-R~:aWi*e5ii1sp.eBL">
                            <field name="NUM">4.2</field>
                          </block>
                        </value>
                        <next>
                          <block type="variables_set" id=")k?*k[op!Zk:bXJlG5V=">
                            <field name="VAR" id="sA@T,Ps2~Vj_Z=PTi+sf" variabletype="">Max Stake</field>
                            <value name="VALUE">
                              <block type="variables_get" id="EM8MDZQe}Fh]V8kQ3+#{">
                                <field name="VAR" id="!sPpkT(-Md2E|~5Tg7SM" variabletype="">Win amount</field>
                              </block>
                            </value>
                            <next>
                              <block type="text_print" id=";47.vSM?%B@6r]{kE)3j" collapsed="true">
                                <value name="TEXT">
                                  <shadow type="text" id="0vOZ2-hzd@?1z)RGBPv$">
                                    <field name="TEXT">Provenbinarybot.com: Happy Auto-Trading: All rights Reserved</field>
                                  </shadow>
                                </value>
                              </block>
                            </next>
                          </block>
                        </next>
                      </block>
                    </next>
                  </block>
                </next>
              </block>
            </next>
          </block>
        </next>
      </block>
    </statement>
    <statement name="SUBMARKET">
      <block type="tradeOptions" id="x=V33~4Lb|(sLv`J[:Eb">
        <field name="DURATIONTYPE_LIST">t</field>
        <field name="CURRENCY_LIST">USD</field>
        <field name="BARRIEROFFSETTYPE_LIST">+</field>
        <field name="SECONDBARRIEROFFSETTYPE_LIST">-</field>
        <value name="DURATION">
          <shadow type="math_number" id="GQNA129BAV@8f#u;YJ5`">
            <field name="NUM">2</field>
          </shadow>
        </value>
        <value name="AMOUNT">
          <shadow type="math_number" id="ml)25~7^q}3I9}vjf:%K">
            <field name="NUM">0.35</field>
          </shadow>
          <block type="variables_get" id="dqgh]-#UbF{%k/q;?oQ(">
            <field name="VAR" id="~XMeLFy`ErPgoViYdCsD" variabletype="">Stake</field>
          </block>
        </value>
        <value name="PREDICTION">
          <shadow type="math_number" id="[/,9KR23!Q-?9.7D4Z]k">
            <field name="NUM">1</field>
          </shadow>
        </value>
      </block>
    </statement>
  </block>
  <block type="tick_analysis" id="zt@vOt4]z/l{WKJvDI0i" collapsed="true" x="0" y="615">
    <statement name="TICKANALYSIS_STACK">
      <block type="variables_set" id="~j1X+}G,b/cvC!kl9`j8">
        <field name="VAR" id="PKB=x0wNz#+(C}b.||Ax" variabletype="">Digit 1</field>
        <value name="VALUE">
          <block type="lists_getIndex" id="Acb(83IunPH:-+m!k!Pa">
            <mutation statement="false" at="true"></mutation>
            <field name="MODE">GET</field>
            <field name="WHERE">FROM_END</field>
            <value name="VALUE">
              <block type="lastDigitList" id=";3*H/E|!*X$rS0!3fBi6"></block>
            </value>
            <value name="AT">
              <block type="math_number" id="%(H|B:JUx2t).V|:GZq#">
                <field name="NUM">1</field>
              </block>
            </value>
          </block>
        </value>
        <next>
          <block type="variables_set" id="b0RpWD#IgKgX{=5d{%MZ">
            <field name="VAR" id="dWWxN*eYBP|u6~y-{jII" variabletype="">Digit 2</field>
            <value name="VALUE">
              <block type="lists_getIndex" id="7t=q.5VmYlmeh09PhT1L">
                <mutation statement="false" at="true"></mutation>
                <field name="MODE">GET</field>
                <field name="WHERE">FROM_END</field>
                <value name="VALUE">
                  <block type="lastDigitList" id="M(5~R@r#D)A;X]jO(jqH"></block>
                </value>
                <value name="AT">
                  <block type="math_number" id="t#[eX5uA$aw5:GV#)9@o">
                    <field name="NUM">2</field>
                  </block>
                </value>
              </block>
            </value>
            <next>
              <block type="variables_set" id="_D.Q(*(m#sY,P-T3UMR#">
                <field name="VAR" id="FqZ_l49*/nJb22vYasr!" variabletype="">Tick 1</field>
                <value name="VALUE">
                  <block type="lists_getIndex" id="}++H^..h+^y3j%N]d#zk">
                    <mutation statement="false" at="true"></mutation>
                    <field name="MODE">GET</field>
                    <field name="WHERE">FROM_END</field>
                    <value name="VALUE">
                      <block type="ticks" id="yvHBUZ;;n,%vJpDyBZ+z"></block>
                    </value>
                    <value name="AT">
                      <block type="math_number" id="MM2p|/!#=nw1:VKd]7XQ">
                        <field name="NUM">1</field>
                      </block>
                    </value>
                  </block>
                </value>
                <next>
                  <block type="variables_set" id="Z(RQla^JC`-F=PK]VZ3i">
                    <field name="VAR" id="2T-YAUyeH|RCA/|F2Y9%" variabletype="">Tick 2</field>
                    <value name="VALUE">
                      <block type="lists_getIndex" id=".;(:|+ym,I,J+;c2@$:(">
                        <mutation statement="false" at="true"></mutation>
                        <field name="MODE">GET</field>
                        <field name="WHERE">FROM_END</field>
                        <value name="VALUE">
                          <block type="ticks" id="4hucQo^x9UC::d/rJ5vY"></block>
                        </value>
                        <value name="AT">
                          <block type="math_number" id="|qqS?k`ch[OTYZ(=ebwB">
                            <field name="NUM">2</field>
                          </block>
                        </value>
                      </block>
                    </value>
                    <next>
                      <block type="variables_set" id="o9/%YmfQ.y[M9xIa@yA^">
                        <field name="VAR" id="0+P{ya=$|C,Iq!PBw]{e" variabletype="">Tick 3</field>
                        <value name="VALUE">
                          <block type="lists_getIndex" id="H7/o.`=EtAh/ClAwZ=(L">
                            <mutation statement="false" at="true"></mutation>
                            <field name="MODE">GET</field>
                            <field name="WHERE">FROM_END</field>
                            <value name="VALUE">
                              <block type="ticks" id="E(=`)?3w^EywAci6a6nk"></block>
                            </value>
                            <value name="AT">
                              <block type="math_number" id="8D6gg2t$_`GCjsfisZ)6">
                                <field name="NUM">3</field>
                              </block>
                            </value>
                          </block>
                        </value>
                        <next>
                          <block type="controls_if" id="(,KWX!V(!9~SUJCHD?[{">
                            <mutation elseif="1"></mutation>
                            <value name="IF0">
                              <block type="logic_compare" id="$b7mOw1{p[AGfuO`CK$e">
                                <field name="OP">GT</field>
                                <value name="A">
                                  <block type="variables_get" id="Czyks6r*$U6Rs[~}cy@X">
                                    <field name="VAR" id="0+P{ya=$|C,Iq!PBw]{e" variabletype="">Tick 3</field>
                                  </block>
                                </value>
                                <value name="B">
                                  <block type="variables_get" id="hKXx_uTWK`?.3@!/_syQ">
                                    <field name="VAR" id="2T-YAUyeH|RCA/|F2Y9%" variabletype="">Tick 2</field>
                                  </block>
                                </value>
                              </block>
                            </value>
                            <statement name="DO0">
                              <block type="variables_set" id="|F/!#BZYdFGv09H4.[)/">
                                <field name="VAR" id="F~^+zw|Zdbu,2FGnMb(D" variabletype="">Color Digit 2</field>
                                <value name="VALUE">
                                  <block type="text" id="v4C}.juxP*}B1$3Z)#i!">
                                    <field name="TEXT">Red</field>
                                  </block>
                                </value>
                              </block>
                            </statement>
                            <value name="IF1">
                              <block type="logic_compare" id="pGFmdw|H2q_JKTu:|M_I">
                                <field name="OP">LT</field>
                                <value name="A">
                                  <block type="variables_get" id="{gR$%g?b$+JWi)NFc`AZ">
                                    <field name="VAR" id="0+P{ya=$|C,Iq!PBw]{e" variabletype="">Tick 3</field>
                                  </block>
                                </value>
                                <value name="B">
                                  <block type="variables_get" id="L6+Mm*@1.B^plV#T!z0d">
                                    <field name="VAR" id="2T-YAUyeH|RCA/|F2Y9%" variabletype="">Tick 2</field>
                                  </block>
                                </value>
                              </block>
                            </value>
                            <statement name="DO1">
                              <block type="variables_set" id="-5CPvnSapAEicrU+%)L}">
                                <field name="VAR" id="F~^+zw|Zdbu,2FGnMb(D" variabletype="">Color Digit 2</field>
                                <value name="VALUE">
                                  <block type="text" id="lN!e6wC0l?@VP*)MIy|i">
                                    <field name="TEXT">Blue</field>
                                  </block>
                                </value>
                              </block>
                            </statement>
                            <next>
                              <block type="controls_if" id="ip,Mf@f{eG*=X!K1w#kp">
                                <mutation elseif="1"></mutation>
                                <value name="IF0">
                                  <block type="logic_compare" id="/D(6~]uYFMoBFQE}2uS*">
                                    <field name="OP">GT</field>
                                    <value name="A">
                                      <block type="variables_get" id="bO~|B*b7x~PZdV0mGv2Q">
                                        <field name="VAR" id="2T-YAUyeH|RCA/|F2Y9%" variabletype="">Tick 2</field>
                                      </block>
                                    </value>
                                    <value name="B">
                                      <block type="variables_get" id="HjE|It:M0^K5ouDVTzs4">
                                        <field name="VAR" id="FqZ_l49*/nJb22vYasr!" variabletype="">Tick 1</field>
                                      </block>
                                    </value>
                                  </block>
                                </value>
                                <statement name="DO0">
                                  <block type="variables_set" id="3|z@m#42#{dYi4omsNmF">
                                    <field name="VAR" id="RyH)%@h?Fgb!-Nqq._Kn" variabletype="">Color Digit 1</field>
                                    <value name="VALUE">
                                      <block type="text" id="[Y:OGj%lZf|du.tOH;Zn">
                                        <field name="TEXT">Red</field>
                                      </block>
                                    </value>
                                  </block>
                                </statement>
                                <value name="IF1">
                                  <block type="logic_compare" id="~R=3pi!kpZ8;jOBU.g{T">
                                    <field name="OP">LT</field>
                                    <value name="A">
                                      <block type="variables_get" id="gm3%KdlVGoZMeM!4r*$9">
                                        <field name="VAR" id="2T-YAUyeH|RCA/|F2Y9%" variabletype="">Tick 2</field>
                                      </block>
                                    </value>
                                    <value name="B">
                                      <block type="variables_get" id="-q(j=oJa-2C${~f}Wv9f">
                                        <field name="VAR" id="FqZ_l49*/nJb22vYasr!" variabletype="">Tick 1</field>
                                      </block>
                                    </value>
                                  </block>
                                </value>
                                <statement name="DO1">
                                  <block type="variables_set" id=":W!jqF*otf|0:WxC?KZ:">
                                    <field name="VAR" id="RyH)%@h?Fgb!-Nqq._Kn" variabletype="">Color Digit 1</field>
                                    <value name="VALUE">
                                      <block type="text" id="5LO=/$Gdd`_!c;$5]]2Q">
                                        <field name="TEXT">Blue</field>
                                      </block>
                                    </value>
                                  </block>
                                </statement>
                              </block>
                            </next>
                          </block>
                        </next>
                      </block>
                    </next>
                  </block>
                </next>
              </block>
            </next>
          </block>
        </next>
      </block>
    </statement>
  </block>
  <block type="after_purchase" id="D^Jz1^n=2vtZku1vBN@;" collapsed="true" x="5" y="662">
    <statement name="AFTERPURCHASE_STACK">
      <block type="controls_if" id="#lXU9RAXO1RTzr#IR?vZ">
        <mutation else="1"></mutation>
        <value name="IF0">
          <block type="contract_check_result" id="JzAg2@BVGy:I(mu_(K~M">
            <field name="CHECK_RESULT">win</field>
          </block>
        </value>
        <statement name="DO0">
          <block type="variables_set" id="en*_s@ltKl*/p#p~5R@8">
            <field name="VAR" id="~XMeLFy`ErPgoViYdCsD" variabletype="">Stake</field>
            <value name="VALUE">
              <block type="variables_get" id="T=t(c-YX[I)tZ}fQ*%nE">
                <field name="VAR" id="!sPpkT(-Md2E|~5Tg7SM" variabletype="">Win amount</field>
              </block>
            </value>
          </block>
        </statement>
        <statement name="ELSE">
          <block type="math_change" id="v/Q2D~PP3E9|%gBFlD(f">
            <field name="VAR" id="~XMeLFy`ErPgoViYdCsD" variabletype="">Stake</field>
            <value name="DELTA">
              <shadow type="math_number" id="k]*2(8-Z|||mZLBaA;$c">
                <field name="NUM">1</field>
              </shadow>
              <block type="math_single" id="O]D)t)@,O!71TG_prr$s">
                <field name="OP">ABS</field>
                <value name="NUM">
                  <shadow type="math_number" id="Ns#}Qo]xogprLbh7[D1t">
                    <field name="NUM">9</field>
                  </shadow>
                  <block type="math_arithmetic" id="?GT_d;^E,DiX/r9p`w!^">
                    <field name="OP">MULTIPLY</field>
                    <value name="A">
                      <shadow type="math_number" id="6FRx/a#^,:nJKF]jzJ)1">
                        <field name="NUM">1</field>
                      </shadow>
                      <block type="variables_get" id="A*blHn_CNtV^A[ESxM#+">
                        <field name="VAR" id="~XMeLFy`ErPgoViYdCsD" variabletype="">Stake</field>
                      </block>
                    </value>
                    <value name="B">
                      <shadow type="math_number" id="~-2WGSRw==nqlKc_R$=q">
                        <field name="NUM">1</field>
                      </shadow>
                      <block type="variables_get" id="H01v+t:u;/lJM_u-!De0">
                        <field name="VAR" id="k}Yy=$1ttwy4|P3C?c2(" variabletype="">martingle</field>
                      </block>
                    </value>
                  </block>
                </value>
              </block>
            </value>
          </block>
        </statement>
        <next>
          <block type="controls_if" id="rnZB=LarKxI=TqQ%JdBh">
            <value name="IF0">
              <block type="logic_compare" id="oZ7s8$EyeMnS$}.v;YGJ">
                <field name="OP">GT</field>
                <value name="A">
                  <block type="variables_get" id="duNUTy6Yu2PP_;myRX6~">
                    <field name="VAR" id="~XMeLFy`ErPgoViYdCsD" variabletype="">Stake</field>
                  </block>
                </value>
                <value name="B">
                  <block type="variables_get" id="$DL~%:O^1?**24XrPk:_">
                    <field name="VAR" id="sA@T,Ps2~Vj_Z=PTi+sf" variabletype="">Max Stake</field>
                  </block>
                </value>
              </block>
            </value>
            <statement name="DO0">
              <block type="variables_set" id="]-wwt{Y4[D:%]U^V}o]9">
                <field name="VAR" id="sA@T,Ps2~Vj_Z=PTi+sf" variabletype="">Max Stake</field>
                <value name="VALUE">
                  <block type="variables_get" id="b,Gv2(@7{2pVq]_)E~@s">
                    <field name="VAR" id="~XMeLFy`ErPgoViYdCsD" variabletype="">Stake</field>
                  </block>
                </value>
              </block>
            </statement>
            <next>
              <block type="notify" id="oZv3=^o.o~89Q9Zbjt9$">
                <field name="NOTIFICATION_TYPE">success</field>
                <field name="NOTIFICATION_SOUND">silent</field>
                <value name="MESSAGE">
                  <shadow type="text" id="Z0]FsKOpyiZhEI)l$nrM">
                    <field name="TEXT">abc</field>
                  </shadow>
                  <block type="text_join" id="e(lUMt$=L[tOZGjr?d%0">
                    <mutation items="2"></mutation>
                    <value name="ADD0">
                      <block type="text" id="9]*:_.B*|oxt:X/[El9p">
                        <field name="TEXT">Max Stake :</field>
                      </block>
                    </value>
                    <value name="ADD1">
                      <block type="variables_get" id="?O`mo=LtE`#%ip/aEq[*">
                        <field name="VAR" id="sA@T,Ps2~Vj_Z=PTi+sf" variabletype="">Max Stake</field>
                      </block>
                    </value>
                  </block>
                </value>
                <next>
                  <block type="controls_if" id="FKriH$F1tnQ4#f#{a)t}">
                    <mutation elseif="1" else="1"></mutation>
                    <value name="IF0">
                      <block type="logic_compare" id="uKl/%*KA~@5B*yC#DzJh">
                        <field name="OP">LTE</field>
                        <value name="A">
                          <block type="variables_get" id="sLg6f%QlixJ4Irt*Kh7S">
                            <field name="VAR" id="G/?_wLJ2yJ_M,Hr1|zMj" variabletype="">Take profit</field>
                          </block>
                        </value>
                        <value name="B">
                          <block type="total_profit" id="9g;F*}^WDI$F17#_`mTW"></block>
                        </value>
                      </block>
                    </value>
                    <statement name="DO0">
                      <block type="text_print" id="}7*gF[$QMb(^sP#lC*_|">
                        <value name="TEXT">
                          <shadow type="text" id="OdtD@{AY0Fq@-p#M?q%=">
                            <field name="TEXT">----------------------------WIN-----------------------Get More bots from Ultimate Trading Scripts T.me/binaryboss101</field>
                          </shadow>
                        </value>
                      </block>
                    </statement>
                    <value name="IF1">
                      <block type="logic_compare" id="T;%%Wm6u$]P}{1$b/sj(">
                        <field name="OP">LTE</field>
                        <value name="A">
                          <block type="variables_get" id="hW2l6-2dxXD$c}~z3C.R">
                            <field name="VAR" id="D?3gP4OACIxL{2W5Jk=U" variabletype="">Stop Lose</field>
                          </block>
                        </value>
                        <value name="B">
                          <block type="math_single" id="v@SUiI^IR).|z/n]Wb2P">
                            <field name="OP">ABS</field>
                            <value name="NUM">
                              <shadow type="math_number" id="hiJ0VD;uKRN3)X/O.a@K">
                                <field name="NUM">9</field>
                              </shadow>
                              <block type="total_profit" id="BO!N^45zg9^RX^={0@R("></block>
                            </value>
                          </block>
                        </value>
                      </block>
                    </value>
                    <statement name="DO1">
                      <block type="text_print" id="Q:JLtNAHKuKF]kH=S#)5">
                        <value name="TEXT">
                          <shadow type="text" id="=9)9?R_1qOjT;;~*:DTg">
                            <field name="TEXT">----------------------------LOSE-----------------------</field>
                          </shadow>
                        </value>
                      </block>
                    </statement>
                    <statement name="ELSE">
                      <block type="trade_again" id="c)S|KjoQdXc8l#J@5z3P"></block>
                    </statement>
                  </block>
                </next>
              </block>
            </next>
          </block>
        </next>
      </block>
    </statement>
  </block>
  <block type="before_purchase" id="i-CIx.(Onm4?ihxzA}Y]" collapsed="true" x="323" y="649">
    <statement name="BEFOREPURCHASE_STACK">
      <block type="controls_if" id="ojKB||HxfEe)|2xMo|=@">
        <mutation elseif="1"></mutation>
        <value name="IF0">
          <block type="logic_compare" id="9kuQjG~NM.F8E8w1vn-|">
            <field name="OP">EQ</field>
            <value name="A">
              <block type="variables_get" id="r,y|UUuavaCkZsLeQaYB">
                <field name="VAR" id="F~^+zw|Zdbu,2FGnMb(D" variabletype="">Color Digit 2</field>
              </block>
            </value>
            <value name="B">
              <block type="text" id="_B4pxp%NpVJ5bBZkO85L">
                <field name="TEXT">Red</field>
              </block>
            </value>
          </block>
        </value>
        <statement name="DO0">
          <block type="controls_if" id="x/,5Yy1u-tC*ZJFkQn`_">
            <mutation elseif="1"></mutation>
            <value name="IF0">
              <block type="logic_operation" id="`cCih7`JGRU*j(:s.;gU" inline="false">
                <field name="OP">AND</field>
                <value name="A">
                  <block type="logic_compare" id="ct/PWfK9}wBNz?Gf]n(h">
                    <field name="OP">EQ</field>
                    <value name="A">
                      <block type="variables_get" id="NS2u{1G;8q7=R=%5%:y7">
                        <field name="VAR" id="dWWxN*eYBP|u6~y-{jII" variabletype="">Digit 2</field>
                      </block>
                    </value>
                    <value name="B">
                      <block type="math_number" id="84R`V@(?5$*{MqbaGS,J">
                        <field name="NUM">1</field>
                      </block>
                    </value>
                  </block>
                </value>
                <value name="B">
                  <block type="logic_operation" id=",Y%.%(I_?!2rAE(C7NRN" inline="false">
                    <field name="OP">AND</field>
                    <value name="A">
                      <block type="math_number_property" id="FYKy_=Pv1!#?vGzt3X2/">
                        <mutation divisor_input="false"></mutation>
                        <field name="PROPERTY">EVEN</field>
                        <value name="NUMBER_TO_CHECK">
                          <shadow type="math_number" id="gHelUnAo4~^Ve$!clF2R">
                            <field name="NUM">0</field>
                          </shadow>
                          <block type="variables_get" id="q[G^sSwQ=W/uRcf(0o7a">
                            <field name="VAR" id="PKB=x0wNz#+(C}b.||Ax" variabletype="">Digit 1</field>
                          </block>
                        </value>
                      </block>
                    </value>
                    <value name="B">
                      <block type="logic_compare" id="N%3Ql.Hb](e-53J+a_Ov">
                        <field name="OP">EQ</field>
                        <value name="A">
                          <block type="variables_get" id="deq}XakdiuIl_6ngkuiv">
                            <field name="VAR" id="RyH)%@h?Fgb!-Nqq._Kn" variabletype="">Color Digit 1</field>
                          </block>
                        </value>
                        <value name="B">
                          <block type="text" id="OX.Lcz!Q=X[)+pX,B8dX">
                            <field name="TEXT">Blue</field>
                          </block>
                        </value>
                      </block>
                    </value>
                  </block>
                </value>
              </block>
            </value>
            <statement name="DO0">
              <block type="purchase" id="$|s#+V}Rcm%(p0LEemC_">
                <field name="PURCHASE_LIST">DIGITOVER</field>
              </block>
            </statement>
            <value name="IF1">
              <block type="logic_operation" id="+qL0_WKOZz/i~4T?5l)f" inline="false">
                <field name="OP">AND</field>
                <value name="A">
                  <block type="logic_compare" id="*V;(ALl8wy3d%mv*T#xC">
                    <field name="OP">EQ</field>
                    <value name="A">
                      <block type="variables_get" id="]#Gh|o~@3V,ubXInI~nd">
                        <field name="VAR" id="dWWxN*eYBP|u6~y-{jII" variabletype="">Digit 2</field>
                      </block>
                    </value>
                    <value name="B">
                      <block type="math_number" id="ILq3jvb2[2@e/gF3fgyv">
                        <field name="NUM">0</field>
                      </block>
                    </value>
                  </block>
                </value>
                <value name="B">
                  <block type="logic_operation" id="BaRF2H9L[oIPyyQooqZ(" inline="false">
                    <field name="OP">AND</field>
                    <value name="A">
                      <block type="math_number_property" id="=q*thT5`x*|~};}1xnb[">
                        <mutation divisor_input="false"></mutation>
                        <field name="PROPERTY">ODD</field>
                        <value name="NUMBER_TO_CHECK">
                          <shadow type="math_number" id="gHelUnAo4~^Ve$!clF2R">
                            <field name="NUM">0</field>
                          </shadow>
                          <block type="variables_get" id="Nb3!)m|(QP+]jtcr2N3-">
                            <field name="VAR" id="PKB=x0wNz#+(C}b.||Ax" variabletype="">Digit 1</field>
                          </block>
                        </value>
                      </block>
                    </value>
                    <value name="B">
                      <block type="logic_compare" id="t=XBY/V}/6%{u%/fbB1|">
                        <field name="OP">EQ</field>
                        <value name="A">
                          <block type="variables_get" id="NefY4re2Efr,X%]]Z:Ch">
                            <field name="VAR" id="RyH)%@h?Fgb!-Nqq._Kn" variabletype="">Color Digit 1</field>
                          </block>
                        </value>
                        <value name="B">
                          <block type="text" id="6/CW7!I{WBy^k]HtUPfq">
                            <field name="TEXT">Blue</field>
                          </block>
                        </value>
                      </block>
                    </value>
                  </block>
                </value>
              </block>
            </value>
            <statement name="DO1">
              <block type="purchase" id="n6[t5C3]?VgmT?Pe-1o1">
                <field name="PURCHASE_LIST">DIGITOVER</field>
              </block>
            </statement>
          </block>
        </statement>
        <value name="IF1">
          <block type="logic_compare" id="`5oi|SN?-|^;YNo?YIHT">
            <field name="OP">EQ</field>
            <value name="A">
              <block type="variables_get" id="|j)~-$8Z3ys~w;}h@|?m">
                <field name="VAR" id="F~^+zw|Zdbu,2FGnMb(D" variabletype="">Color Digit 2</field>
              </block>
            </value>
            <value name="B">
              <block type="text" id="P[F34guExeWUQ9pA1Yt7">
                <field name="TEXT">Blue</field>
              </block>
            </value>
          </block>
        </value>
        <statement name="DO1">
          <block type="controls_if" id="LJlJ,-oBT{[LE_Aq)Nyv">
            <mutation elseif="1"></mutation>
            <value name="IF0">
              <block type="logic_operation" id="(HMsGvaQP]l$$8{VXw,B" inline="false">
                <field name="OP">AND</field>
                <value name="A">
                  <block type="logic_compare" id="xeO}p30V+W[Rn60j;f.i">
                    <field name="OP">EQ</field>
                    <value name="A">
                      <block type="variables_get" id="M{;00Wu^p]q^/rj;%xbv">
                        <field name="VAR" id="dWWxN*eYBP|u6~y-{jII" variabletype="">Digit 2</field>
                      </block>
                    </value>
                    <value name="B">
                      <block type="math_number" id="`#X0sR9w}ie[L^^w%Ph2">
                        <field name="NUM">1</field>
                      </block>
                    </value>
                  </block>
                </value>
                <value name="B">
                  <block type="logic_operation" id="8HSMs%B4`ya:]}hT=h`m" inline="false">
                    <field name="OP">AND</field>
                    <value name="A">
                      <block type="math_number_property" id="Sst)--+@??bwTh^Fa,b%">
                        <mutation divisor_input="false"></mutation>
                        <field name="PROPERTY">EVEN</field>
                        <value name="NUMBER_TO_CHECK">
                          <shadow type="math_number" id="gHelUnAo4~^Ve$!clF2R">
                            <field name="NUM">0</field>
                          </shadow>
                          <block type="variables_get" id="lRpX-F8!{6_yl-H6R]eU">
                            <field name="VAR" id="PKB=x0wNz#+(C}b.||Ax" variabletype="">Digit 1</field>
                          </block>
                        </value>
                      </block>
                    </value>
                    <value name="B">
                      <block type="logic_compare" id="uw!(]5GzSp{X~aDJ0^=)">
                        <field name="OP">EQ</field>
                        <value name="A">
                          <block type="variables_get" id=".c:7,zgcfasCAW=-%Zu5">
                            <field name="VAR" id="RyH)%@h?Fgb!-Nqq._Kn" variabletype="">Color Digit 1</field>
                          </block>
                        </value>
                        <value name="B">
                          <block type="text" id="x4~h}8cx;s51skg#-L1.">
                            <field name="TEXT">Red</field>
                          </block>
                        </value>
                      </block>
                    </value>
                  </block>
                </value>
              </block>
            </value>
            <statement name="DO0">
              <block type="purchase" id="M|6%%_[Acu.Z.+aRlKw]">
                <field name="PURCHASE_LIST">DIGITOVER</field>
              </block>
            </statement>
            <value name="IF1">
              <block type="logic_operation" id="sXz*Jg3{71THvAO7jO~+" inline="false">
                <field name="OP">AND</field>
                <value name="A">
                  <block type="logic_compare" id="BVzMc{k,(Id!l?/3#:I@">
                    <field name="OP">EQ</field>
                    <value name="A">
                      <block type="variables_get" id="$}N(*0Dzn}g+Z~VmZU?O">
                        <field name="VAR" id="dWWxN*eYBP|u6~y-{jII" variabletype="">Digit 2</field>
                      </block>
                    </value>
                    <value name="B">
                      <block type="math_number" id="To~PHoW,HA8xSF)TU!}R">
                        <field name="NUM">0</field>
                      </block>
                    </value>
                  </block>
                </value>
                <value name="B">
                  <block type="logic_operation" id="X{oLm-jc:3De-ULdmz?G" inline="false">
                    <field name="OP">AND</field>
                    <value name="A">
                      <block type="math_number_property" id="xJ*gRUix+fBh^~+S4-cU">
                        <mutation divisor_input="false"></mutation>
                        <field name="PROPERTY">ODD</field>
                        <value name="NUMBER_TO_CHECK">
                          <shadow type="math_number" id="gHelUnAo4~^Ve$!clF2R">
                            <field name="NUM">0</field>
                          </shadow>
                          <block type="variables_get" id="_EMgG|sLazlJQfj/Jkd8">
                            <field name="VAR" id="PKB=x0wNz#+(C}b.||Ax" variabletype="">Digit 1</field>
                          </block>
                        </value>
                      </block>
                    </value>
                    <value name="B">
                      <block type="logic_compare" id="cOA5._66$Et,s61,DB0z">
                        <field name="OP">EQ</field>
                        <value name="A">
                          <block type="variables_get" id="4wWrKH-$ozPO=(!M2w|?">
                            <field name="VAR" id="RyH)%@h?Fgb!-Nqq._Kn" variabletype="">Color Digit 1</field>
                          </block>
                        </value>
                        <value name="B">
                          <block type="text" id="j@Yg($5{B~~;)5Q2HIEQ">
                            <field name="TEXT">Red</field>
                          </block>
                        </value>
                      </block>
                    </value>
                  </block>
                </value>
              </block>
            </value>
            <statement name="DO1">
              <block type="purchase" id="Y5[C?SeXt{x-x,s}Tf?1">
                <field name="PURCHASE_LIST">DIGITOVER</field>
              </block>
            </statement>
          </block>
        </statement>
      </block>
    </statement>
  </block>
</xml>