<xml xmlns="http://www.w3.org/1999/xhtml" collection="false">
  <variables>
    <variable type="" id="UG^(k^gK@bNjYl8L~zxI">_profit</variable>
    <variable type="" id="9-f+Nw(o}/F1LODKawhb">MA</variable>
    <variable type="" id="ze[bkqU)Josu]];3^3n]">TotalProfit</variable>
    <variable type="" id="z(47tS:MB6xXj~Sa3R7j">Target</variable>
    <variable type="" id="b.8A=Z%v|?!R]8swby2J">stake</variable>
    <variable type="" id="T6cl(b0+LT`dr*Qxjg.C">LowestBalance</variable>
    <variable type="" id="QZd$zTF:~oXTAd==:u}g">amountLoss</variable>
    <variable type="" id="XZN-p`Y}:n@8VpzM!Z~f">LowestLoss</variable>
    <variable type="" id="[JQ:6ujo0P~5.c48sN/n">initialStake</variable>
    <variable type="" id="Qs!p}1o9ynq+8,VB=Oq.">MartingaleFactor</variable>
  </variables>
  <block type="trade" id="xgH69|xFn9=70w.*3Vo@" x="-1323" y="-616">
    <field name="MARKET_LIST">synthetic_index</field>
    <field name="SUBMARKET_LIST">random_index</field>
    <field name="SYMBOL_LIST">1HZ10V</field>
    <field name="TRADETYPECAT_LIST">digits</field>
    <field name="TRADETYPE_LIST">overunder</field>
    <field name="TYPE_LIST">DIGITOVER</field>
    <field name="CANDLEINTERVAL_LIST">60</field>
    <field name="TIME_MACHINE_ENABLED">FALSE</field>
    <field name="RESTARTONERROR">TRUE</field>
    <statement name="INITIALIZATION">
      <block type="text_print" id="IAzuAfjugcuS$!:%t^e^" collapsed="true">
        <value name="TEXT">
          <shadow type="text" id="@pF*YtCoKj.paA3EhPAP">
            <field name="TEXT">DIGIT-OVER COMPOUND STRATEGY BOT: COURTESY OF Provenbinarybot.com and Dboty.com</field>
          </shadow>
        </value>
        <next>
          <block type="variables_set" id="d^c%pU:3F8(1T3E?+iW6">
            <field name="VAR" id="z(47tS:MB6xXj~Sa3R7j" variabletype="">Target</field>
            <value name="VALUE">
              <block type="math_number" id="!_EzJJJ,hZWh@0kJ{sqm">
                <field name="NUM">10</field>
              </block>
            </value>
            <next>
              <block type="variables_set" id="vq}3~Rmg/)hn294Ct=#P">
                <field name="VAR" id="b.8A=Z%v|?!R]8swby2J" variabletype="">stake</field>
                <value name="VALUE">
                  <block type="math_number" id="pU{mdF29*u|XPmG9mVlZ">
                    <field name="NUM">1</field>
                  </block>
                </value>
                <next>
                  <block type="variables_set" id="/V5k7@;e6;NW%I4QjbS%">
                    <field name="VAR" id="[JQ:6ujo0P~5.c48sN/n" variabletype="">initialStake</field>
                    <value name="VALUE">
                      <block type="math_number" id="riww`Rn?$G4vf_2#}?RA">
                        <field name="NUM">1</field>
                      </block>
                    </value>
                    <next>
                      <block type="variables_set" id="y{9BI9}Z3%R}));Nt|^/">
                        <field name="VAR" id="QZd$zTF:~oXTAd==:u}g" variabletype="">amountLoss</field>
                        <value name="VALUE">
                          <block type="math_number" id="{~H2tKfwJ0()W~ty4N.c">
                            <field name="NUM">0</field>
                          </block>
                        </value>
                        <next>
                          <block type="variables_set" id="io6c8y!J-Vm=Z2me+m+o">
                            <field name="VAR" id="Qs!p}1o9ynq+8,VB=Oq." variabletype="">MartingaleFactor</field>
                            <value name="VALUE">
                              <block type="math_number" id="s2xNqqL[jV3ClfmCNw8M">
                                <field name="NUM">2</field>
                              </block>
                            </value>
                          </block>
                        </next>
                      </block>
                    </next>
                  </block>
                </next>
              </block>
            </next>
          </block>
        </next>
      </block>
    </statement>
    <statement name="SUBMARKET">
      <block type="tradeOptions" id=".NAztK.;^EKx!kYq-Io_">
        <field name="DURATIONTYPE_LIST">t</field>
        <field name="BARRIEROFFSETTYPE_LIST">+</field>
        <field name="SECONDBARRIEROFFSETTYPE_LIST">-</field>
        <value name="DURATION">
          <shadow type="math_number" id="(,3k4J:^`@c4xZ6_U5l:">
            <field name="NUM">5</field>
          </shadow>
          <block type="math_number" id="{?3b}aQui`LT2M*N+c:R">
            <field name="NUM">1</field>
          </block>
        </value>
        <value name="AMOUNT">
          <shadow type="math_number" id="Addf.q7unyVhr#n|[$r*">
            <field name="NUM">1</field>
          </shadow>
          <block type="variables_get" id="Y@%2~;06Bun1kRvo[2_8">
            <field name="VAR" id="b.8A=Z%v|?!R]8swby2J" variabletype="">stake</field>
          </block>
        </value>
        <value name="PREDICTION">
          <shadow type="math_number" id="%^f!TI6xad^07-xlvt.E">
            <field name="NUM">3</field>
          </shadow>
        </value>
      </block>
    </statement>
  </block>
  <block type="before_purchase" id="i-CIx.(Onm4?ihxzA}Y]" collapsed="true" x="-1325" y="-31">
    <statement name="BEFOREPURCHASE_STACK">
      <block type="variables_set" id="/s),oernnH?-hpjGmgOR">
        <field name="VAR" id="9-f+Nw(o}/F1LODKawhb" variabletype="">MA</field>
        <value name="VALUE">
          <block type="sma" id="8o|`i9;EZtEful3Z+:^y">
            <value name="INPUT">
              <block type="ticks" id="As7_|]d?3k+6d@/m+wth"></block>
            </value>
            <value name="PERIOD">
              <shadow type="math_number" id="$D1kR,]$yE(qs1.Klyqu">
                <field name="NUM">8</field>
              </shadow>
            </value>
          </block>
        </value>
        <next>
          <block type="controls_if" id="tC$_Fy^%RE8X^6g*EJE5">
            <mutation else="1"></mutation>
            <value name="IF0">
              <block type="logic_compare" id="5TS^x22dLxM*()r-pUHw">
                <field name="OP">LT</field>
                <value name="A">
                  <block type="tick" id="W+dN#-vXyEYh3^1eHK+@"></block>
                </value>
                <value name="B">
                  <block type="variables_get" id="$!-{LjrVRWI8QZH8Q^@#">
                    <field name="VAR" id="9-f+Nw(o}/F1LODKawhb" variabletype="">MA</field>
                  </block>
                </value>
              </block>
            </value>
            <statement name="DO0">
              <block type="notify" id="53E6n#*9:.{CcbZH~l-H">
                <field name="NOTIFICATION_TYPE">info</field>
                <field name="NOTIFICATION_SOUND">silent</field>
                <value name="MESSAGE">
                  <shadow type="text" id="S7yBwZe{p)4QC#Z93)Xt">
                    <field name="TEXT">abc</field>
                  </shadow>
                  <block type="text_join" id="Krtk0Z$WQYC:0:i7O={1">
                    <mutation items="1"></mutation>
                    <value name="ADD0">
                      <block type="text" id="D,KFQtGBe{X#Rf$UT!6Z">
                        <field name="TEXT">DOWN TREND</field>
                      </block>
                    </value>
                  </block>
                </value>
              </block>
            </statement>
            <statement name="ELSE">
              <block type="purchase" id="W6q#Z-I3q3d[d3-`S[dS">
                <field name="PURCHASE_LIST">DIGITOVER</field>
              </block>
            </statement>
          </block>
        </next>
      </block>
    </statement>
  </block>
  <block type="during_purchase" id="(4;NieXd}j|Bn!c-YiC|" collapsed="true" x="-1322" y="0">
    <statement name="DURING_PURCHASE_STACK">
      <block type="controls_if" id="8?eYKAW%VczmRXQ-ou3r">
        <value name="IF0">
          <block type="check_sell" id="M=:_KpEeRAJY_}XTU^8~"></block>
        </value>
      </block>
    </statement>
  </block>
  <block type="after_purchase" id="D^Jz1^n=2vtZku1vBN@;" collapsed="true" x="-1322" y="36">
    <statement name="AFTERPURCHASE_STACK">
      <block type="controls_if" id="o#(:CgtYM:!,bDa62Wcu" collapsed="true">
        <value name="IF0">
          <block type="contract_check_result" id="92F2-iL57L^AC7{N31*R">
            <field name="CHECK_RESULT">loss</field>
          </block>
        </value>
        <statement name="DO0">
          <block type="notify" id="@DtP:ZnFvJ[F=~T[.26S">
            <field name="NOTIFICATION_TYPE">warn</field>
            <field name="NOTIFICATION_SOUND">error</field>
            <value name="MESSAGE">
              <shadow type="text" id="`yLPqB!x]uST;Ph36=5L">
                <field name="TEXT">abc</field>
              </shadow>
              <block type="text_join" id="E#|VMl^pjd[uiV-`JSuR">
                <mutation items="2"></mutation>
                <value name="ADD0">
                  <block type="text" id="^y;!CoNotLuclvj+ZOwJ">
                    <field name="TEXT">Total Loss: $</field>
                  </block>
                </value>
                <value name="ADD1">
                  <block type="math_single" id="sgS|{AWB(Y(Y8M(?~Ct[">
                    <field name="OP">ABS</field>
                    <value name="NUM">
                      <shadow type="math_number" id="u(2h28Gm;]q2[]K(q~e#">
                        <field name="NUM">9</field>
                      </shadow>
                      <block type="read_details" id="?2Y6LOt!}~?`_c#T6u5x">
                        <field name="DETAIL_INDEX">4</field>
                      </block>
                    </value>
                  </block>
                </value>
              </block>
            </value>
            <next>
              <block type="math_change" id="xLY_3LGr8vxs+1c6%6WE">
                <field name="VAR" id="b.8A=Z%v|?!R]8swby2J" variabletype="">stake</field>
                <value name="DELTA">
                  <shadow type="math_number" id="/ZYcQ|Bp%B,.GLwF+}/{">
                    <field name="NUM">1</field>
                  </shadow>
                  <block type="math_arithmetic" id="X|BJ4Lmd3E~%3R|^E4;H">
                    <field name="OP">MULTIPLY</field>
                    <value name="A">
                      <shadow type="math_number" id="Q*@RL,_BCucuyvQYpSqU">
                        <field name="NUM">1</field>
                      </shadow>
                      <block type="math_single" id="3XekCEoS4Ad`ZG5eD.us">
                        <field name="OP">ABS</field>
                        <value name="NUM">
                          <shadow type="math_number" id="u(2h28Gm;]q2[]K(q~e#">
                            <field name="NUM">9</field>
                          </shadow>
                          <block type="read_details" id="1_G$`;S{9JHC/dN8]/t:">
                            <field name="DETAIL_INDEX">4</field>
                          </block>
                        </value>
                      </block>
                    </value>
                    <value name="B">
                      <shadow type="math_number" id="0ThsNM$vrcOxjT%%J9m8">
                        <field name="NUM">1.38</field>
                      </shadow>
                      <block type="variables_get" id="0~9Xz4GdKjO`FRjUk?Np">
                        <field name="VAR" id="Qs!p}1o9ynq+8,VB=Oq." variabletype="">MartingaleFactor</field>
                      </block>
                    </value>
                  </block>
                </value>
              </block>
            </next>
          </block>
        </statement>
        <next>
          <block type="controls_if" id="C0:Rk|8Y.!BbGJu?0Bx;" collapsed="true">
            <value name="IF0">
              <block type="contract_check_result" id="b{{3]t1Q+8u0aO7$euDd">
                <field name="CHECK_RESULT">win</field>
              </block>
            </value>
            <statement name="DO0">
              <block type="notify" id=":[O$x#PoAANI=6q`7Hc4">
                <field name="NOTIFICATION_TYPE">success</field>
                <field name="NOTIFICATION_SOUND">job-done</field>
                <value name="MESSAGE">
                  <shadow type="text" id="6,q+$(gWazUak/qpw$/5">
                    <field name="TEXT">abc</field>
                  </shadow>
                  <block type="text_join" id="z2e@xS?7M,m8~R(bp5]0">
                    <mutation items="2"></mutation>
                    <value name="ADD0">
                      <block type="text" id="o3L4?)AS#UNi!v]6+.J7">
                        <field name="TEXT">Total Profit: $</field>
                      </block>
                    </value>
                    <value name="ADD1">
                      <block type="total_profit" id="m?{!/whHd7q:.kDib$rv"></block>
                    </value>
                  </block>
                </value>
                <next>
                  <block type="variables_set" id="MTy{[KT[nSCR4pSvY_t?">
                    <field name="VAR" id="b.8A=Z%v|?!R]8swby2J" variabletype="">stake</field>
                    <value name="VALUE">
                      <block type="variables_get" id="MN9OWDbwHH%JY/]wDY{X">
                        <field name="VAR" id="[JQ:6ujo0P~5.c48sN/n" variabletype="">initialStake</field>
                      </block>
                    </value>
                  </block>
                </next>
              </block>
            </statement>
            <next>
              <block type="procedures_callnoreturn" id="X*GUq6WUM,^p.Cn5evXX">
                <mutation name="Report">
                  <arg name="_profit"></arg>
                </mutation>
                <value name="ARG0">
                  <block type="read_details" id="gD^FlU1TaJ]w$YDR3r37">
                    <field name="DETAIL_INDEX">4</field>
                  </block>
                </value>
                <next>
                  <block type="controls_if" id="A@GcGfPuu+QC]5sJ%iCF" collapsed="true">
                    <mutation else="1"></mutation>
                    <value name="IF0">
                      <block type="logic_compare" id="91p~,E]i,~MP{KF5psS]">
                        <field name="OP">LT</field>
                        <value name="A">
                          <block type="total_profit" id="Exz(Njk}A-Z(X5^vKZWm"></block>
                        </value>
                        <value name="B">
                          <block type="variables_get" id="uH1Q+WU}I7.gtXzQAn6!">
                            <field name="VAR" id="z(47tS:MB6xXj~Sa3R7j" variabletype="">Target</field>
                          </block>
                        </value>
                      </block>
                    </value>
                    <statement name="DO0">
                      <block type="trade_again" id="c)S|KjoQdXc8l#J@5z3P"></block>
                    </statement>
                    <statement name="ELSE">
                      <block type="text_print" id="o+Ax7@Md3~8#8w8[--ob">
                        <value name="TEXT">
                          <shadow type="text" id="*$go^IdK--@P-f!2W,Dm">
                            <field name="TEXT">abc</field>
                          </shadow>
                          <block type="text_join" id="R??QbRIW?}r9uhd;!3vI" collapsed="true">
                            <mutation items="2"></mutation>
                            <value name="ADD0">
                              <block type="text" id="$ufci[9tGo:N-s!*E_]H" collapsed="true">
                                <field name="TEXT">Courtesy of Provenbinarybot.com and Dboty.com- $- PROFIT : </field>
                              </block>
                            </value>
                            <value name="ADD1">
                              <block type="total_profit" id="MP6#*s6w4,T@]AfK@Ug1"></block>
                            </value>
                          </block>
                        </value>
                      </block>
                    </statement>
                  </block>
                </next>
              </block>
            </next>
          </block>
        </next>
      </block>
    </statement>
  </block>
  <block type="tick_analysis" id="UcZp]ni.E4,WD+Vw!w`d" collapsed="true" x="-1360" y="908">
    <statement name="TICKANALYSIS_STACK">
      <block type="notify" id="mu~bM/JKwiG%TF_}QTnh">
        <field name="NOTIFICATION_TYPE">error</field>
        <field name="NOTIFICATION_SOUND">silent</field>
        <value name="MESSAGE">
          <shadow type="text" id="S7yBwZe{p)4QC#Z93)Xt">
            <field name="TEXT">abc</field>
          </shadow>
          <block type="text_join" id="hKTSoT~rhhl*%wjUZ3zg">
            <mutation items="2"></mutation>
            <value name="ADD0">
              <block type="text" id="^qMcJ.p|P1aNX5$l#~yR">
                <field name="TEXT">AmountLoss: </field>
              </block>
            </value>
            <value name="ADD1">
              <block type="variables_get" id="Qw/JP*pvRrj%vcWb#@GE">
                <field name="VAR" id="QZd$zTF:~oXTAd==:u}g" variabletype="">amountLoss</field>
              </block>
            </value>
          </block>
        </value>
      </block>
    </statement>
  </block>
  <block type="procedures_defnoreturn" id="E^AI.^Qr!}InnqaU*Q`u" collapsed="true" x="-1364" y="938">
    <mutation>
      <arg name="_profit" varid="UG^(k^gK@bNjYl8L~zxI"></arg>
    </mutation>
    <field name="NAME">Report</field>
    <comment pinned="false" h="80" w="160">Describe this function...</comment>
    <statement name="STACK">
      <block type="math_change" id="]=[)4:Qg,{H:{L?_t9*O">
        <field name="VAR" id="ze[bkqU)Josu]];3^3n]" variabletype="">TotalProfit</field>
        <value name="DELTA">
          <shadow type="math_number" id="Q0Yl.uo;~e=u)!p7XvUd">
            <field name="NUM">1</field>
          </shadow>
          <block type="variables_get" id="`68)PG/D@0.zQnRvk=5n">
            <field name="VAR" id="UG^(k^gK@bNjYl8L~zxI" variabletype="">_profit</field>
          </block>
        </value>
        <next>
          <block type="variables_set" id="(S?|OliuZ=4|:#^ZY^V1">
            <field name="VAR" id="T6cl(b0+LT`dr*Qxjg.C" variabletype="">LowestBalance</field>
            <value name="VALUE">
              <block type="logic_ternary" id="iU4iwsr!{Fg+)(nHja8H">
                <value name="IF">
                  <block type="logic_compare" id="K(#?OR.K3o4?eHT%EG62">
                    <field name="OP">EQ</field>
                    <value name="A">
                      <block type="variables_get" id="u(hmXt{hZlPQn,l@lHpz">
                        <field name="VAR" id="T6cl(b0+LT`dr*Qxjg.C" variabletype="">LowestBalance</field>
                      </block>
                    </value>
                    <value name="B">
                      <block type="logic_null" id="rgly)Hz;f(0f)%Hp@l*M"></block>
                    </value>
                  </block>
                </value>
                <value name="THEN">
                  <block type="variables_get" id="NGOpRW#w-|s?to)-KA7-">
                    <field name="VAR" id="UG^(k^gK@bNjYl8L~zxI" variabletype="">_profit</field>
                  </block>
                </value>
                <value name="ELSE">
                  <block type="logic_ternary" id="*J{u$^ivS.9.?2_S8*Ue">
                    <value name="IF">
                      <block type="logic_compare" id="M#}VB?ddGk!ExTGu8(S$">
                        <field name="OP">GT</field>
                        <value name="A">
                          <block type="variables_get" id="a2SEm*O=`3|g%Kw%L1;#">
                            <field name="VAR" id="T6cl(b0+LT`dr*Qxjg.C" variabletype="">LowestBalance</field>
                          </block>
                        </value>
                        <value name="B">
                          <block type="variables_get" id="QI[].bel?oNDDafW=3l_">
                            <field name="VAR" id="ze[bkqU)Josu]];3^3n]" variabletype="">TotalProfit</field>
                          </block>
                        </value>
                      </block>
                    </value>
                    <value name="THEN">
                      <block type="variables_get" id="k=eU7QIM{E7Y)P)|_j?=">
                        <field name="VAR" id="ze[bkqU)Josu]];3^3n]" variabletype="">TotalProfit</field>
                      </block>
                    </value>
                    <value name="ELSE">
                      <block type="variables_get" id="|HyN^d^DqTn*cw9W3~Hg">
                        <field name="VAR" id="T6cl(b0+LT`dr*Qxjg.C" variabletype="">LowestBalance</field>
                      </block>
                    </value>
                  </block>
                </value>
              </block>
            </value>
            <next>
              <block type="variables_set" id="HE`_#di%Lg^2t!f3ShfX">
                <field name="VAR" id="XZN-p`Y}:n@8VpzM!Z~f" variabletype="">LowestLoss</field>
                <value name="VALUE">
                  <block type="logic_ternary" id="UMe5m1i8YZwepY^S*n-7">
                    <value name="IF">
                      <block type="logic_compare" id="7/0gvNL.NwW|Qvx_Jdqw">
                        <field name="OP">EQ</field>
                        <value name="A">
                          <block type="variables_get" id="^=hHGcw@.0i(0Lw/tUQx">
                            <field name="VAR" id="XZN-p`Y}:n@8VpzM!Z~f" variabletype="">LowestLoss</field>
                          </block>
                        </value>
                        <value name="B">
                          <block type="logic_null" id="cP3H}L+3CM$24mmS`d%~"></block>
                        </value>
                      </block>
                    </value>
                    <value name="THEN">
                      <block type="variables_get" id="AlEuAO,_jD(um)oMQAFK">
                        <field name="VAR" id="UG^(k^gK@bNjYl8L~zxI" variabletype="">_profit</field>
                      </block>
                    </value>
                    <value name="ELSE">
                      <block type="logic_ternary" id="8N@mgieTDZRs_Y:pn9A;">
                        <value name="IF">
                          <block type="logic_compare" id="~D)2IvdJ1LQR~SG9k6r2">
                            <field name="OP">GT</field>
                            <value name="A">
                              <block type="variables_get" id="e=Y$!U3d@Ss/~MT=j~)]">
                                <field name="VAR" id="T6cl(b0+LT`dr*Qxjg.C" variabletype="">LowestBalance</field>
                              </block>
                            </value>
                            <value name="B">
                              <block type="variables_get" id="t_U2spTFA.Uin}^c+HIR">
                                <field name="VAR" id="UG^(k^gK@bNjYl8L~zxI" variabletype="">_profit</field>
                              </block>
                            </value>
                          </block>
                        </value>
                        <value name="THEN">
                          <block type="variables_get" id=",1~jdzo8sdwd)4yf7Wit">
                            <field name="VAR" id="UG^(k^gK@bNjYl8L~zxI" variabletype="">_profit</field>
                          </block>
                        </value>
                        <value name="ELSE">
                          <block type="variables_get" id=":b[YBp)Kzy.Qrk=w.k%G">
                            <field name="VAR" id="XZN-p`Y}:n@8VpzM!Z~f" variabletype="">LowestLoss</field>
                          </block>
                        </value>
                      </block>
                    </value>
                  </block>
                </value>
                <next>
                  <block type="notify" id="OZ$%R_:+_-6w-B|@01_4">
                    <field name="NOTIFICATION_TYPE">success</field>
                    <field name="NOTIFICATION_SOUND">silent</field>
                    <value name="MESSAGE">
                      <shadow type="text" id="W{P!}NG_b}gTlg;1mPF6">
                        <field name="TEXT">abc</field>
                      </shadow>
                      <block type="text_join" id="-l(TYZ0]m@;S|TQym]_U">
                        <mutation items="6"></mutation>
                        <value name="ADD0">
                          <block type="text" id="]6d;1}Jyh_=p^No(uBqe">
                            <field name="TEXT">Total Profit: </field>
                          </block>
                        </value>
                        <value name="ADD1">
                          <block type="variables_get" id="wy(6e2n^|kyFicGkc`5l">
                            <field name="VAR" id="ze[bkqU)Josu]];3^3n]" variabletype="">TotalProfit</field>
                          </block>
                        </value>
                        <value name="ADD2">
                          <block type="text" id="*S`?4z_$p1,B)Z%p,!1b">
                            <field name="TEXT"> | Lowest Balance: </field>
                          </block>
                        </value>
                        <value name="ADD3">
                          <block type="variables_get" id="2E?,[2cAw8pF9%PLGEVe">
                            <field name="VAR" id="T6cl(b0+LT`dr*Qxjg.C" variabletype="">LowestBalance</field>
                          </block>
                        </value>
                        <value name="ADD4">
                          <block type="text" id="Dfrf[~J({[4HMiCRLV_P">
                            <field name="TEXT"> | Lowest Loss: </field>
                          </block>
                        </value>
                        <value name="ADD5">
                          <block type="variables_get" id="hZX^%h9+Y~^p8P[cX9t1">
                            <field name="VAR" id="XZN-p`Y}:n@8VpzM!Z~f" variabletype="">LowestLoss</field>
                          </block>
                        </value>
                      </block>
                    </value>
                  </block>
                </next>
              </block>
            </next>
          </block>
        </next>
      </block>
    </statement>
  </block>
</xml>